dataset,n,d,k_true,method,seed,fit_seconds,silhouette,ari,nmi,details
iris,150,4,3,kmeans_full,0,0.018689,0.5511916046195919,0.7163421126838476,0.7419116631817836,"{""k"": 3}"
iris,150,4,3,random_neighbors+kmeans,0,0.119783,0.5819744282053695,0.7576057289555466,0.7743507390201577,"{""best_iter"": 0, ""best_score_subsample"": 0.8058735970920495, ""features"": [2, 3, 0], ""k"": 3, ""n_features"": 3}"
iris,150,4,3,urf_landmarks+kmeans,0,0.142171,0.33244210481643677,0.5322556575314722,0.5790466274301082,"{""k"": 3, ""n_landmarks"": 150}"
wine,178,13,3,kmeans_full,0,0.001139,0.5711381937868838,0.37111371823084754,0.4287568597645355,"{""k"": 3}"
wine,178,13,3,random_neighbors+kmeans,0,0.119765,0.5809162901172547,0.37111371823084754,0.4287568597645355,"{""best_iter"": 115, ""best_score_subsample"": 0.6262719268954406, ""features"": [6, 12], ""k"": 3, ""n_features"": 2}"
wine,178,13,3,urf_landmarks+kmeans,0,0.137433,0.35691824555397034,0.7817887928430977,0.7496289704590254,"{""k"": 3, ""n_landmarks"": 178}"
digits,1797,64,10,kmeans_full_pca50,0,0.004016,0.1871504806601161,0.6529627199700457,0.748543688130441,"{""k"": 10}"
digits,1797,64,10,random_neighbors+kmeans,0,0.155015,0.6945502352575958,0.06187030436388418,0.17672805204799238,"{""best_iter"": 99, ""best_score_subsample"": 0.6714207942770896, ""features"": [40, 31, 46, 8, 39, 63], ""k"": 10, ""n_features"": 6}"
digits,1797,64,10,urf_landmarks+kmeans_pca50,0,0.414043,0.09989947825670242,0.15155776367897406,0.46367168749476745,"{""k"": 10, ""n_landmarks"": 256}"
moons,2000,2,2,kmeans_full,0,0.002226,0.4887606341641838,0.24663217325200554,0.18638984845943982,"{""k"": 2}"
moons,2000,2,2,random_neighbors+kmeans,0,0.124114,0.6144824378291439,0.45805795442290304,0.36228083174136533,"{""best_iter"": 17, ""best_score_subsample"": 0.7298228021374163, ""features"": [1], ""k"": 2, ""n_features"": 1}"
moons,2000,2,2,urf_landmarks+kmeans,0,0.302196,0.2710321843624115,0.003423908005263059,0.05058727503117816,"{""k"": 2, ""n_landmarks"": 256}"
blobs_highdim,6000,250,6,kmeans_full_pca50,0,0.004196,0.5310379957677255,1.0,1.0,"{""k"": 6}"
blobs_highdim,6000,250,6,random_neighbors+kmeans,0,0.174256,0.37618006800477816,0.8599057450629236,0.8830524823171393,"{""best_iter"": 167, ""best_score_subsample"": 0.25101948950923897, ""features"": [156, 43, 48, 18, 216, 97, 39], ""k"": 6, ""n_features"": 7}"
blobs_highdim,6000,250,6,urf_landmarks+kmeans_pca50,0,1.362376,0.29860547184944153,0.312374982895006,0.6167633193706379,"{""k"": 6, ""n_landmarks"": 256}"
